Time [s],Raw altitude [km],Raw speed [m/s],Smoothed altitude [km],Smoothed speed [m/s],Downrange distance [km],Horizontal speed [m/s],Vertical speed [m/s],Net acceleration [m/s^2],Horizontal acceleration [m/s^2],Vertical acceleration [m/s^2],Mach number,Dynamic pressure [kPa],Specific orbital energy [MJ/kg],Perigee altitude [km]
0,0,0,-0.4,-13.3,0.0,0.0,23.0,2.0,-0.2,2.0,-0.0,0.1,-62.5,-6372.0
1,0,0,-0.3,-8.1,0.0,0.0,24.8,2.1,-0.1,2.1,-0.0,0.0,-62.5,-6372.0
2,0,0,-0.3,-2.8,0.0,0.0,27.0,2.2,0.0,2.2,-0.0,0.0,-62.5,-6362.0
3,0,4,-0.2,2.4,0.0,0.0,29.1,2.4,0.2,2.4,0.0,0.0,-62.5,-6362.0
4,0,7,-0.2,7.7,0.0,0.0,31.3,2.5,0.3,2.5,0.0,0.0,-62.5,-6362.0
5,0,12,-0.1,13.0,0.0,0.0,33.4,2.6,0.4,2.6,0.0,0.1,-62.5,-6362.0
6,0,14,-0.1,18.2,0.0,0.0,36.1,2.8,0.6,2.7,0.1,0.2,-62.5,-6362.0
7,0,21,-0.0,23.5,0.0,0.0,39.3,2.9,0.7,2.9,0.1,0.3,-62.5,-6362.0
8,0,26,0.0,28.7,0.0,0.0,42.6,3.1,0.8,3.0,0.1,0.5,-62.5,-6362.0
9,0,31,0.0,34.0,0.0,0.0,45.8,3.3,0.9,3.1,0.1,0.7,-62.5,-6362.0
10,0,36,0.1,39.3,0.0,0.0,49.0,3.4,1.1,3.3,0.1,0.9,-62.5,-6362.0
11,0,42,0.1,44.5,0.0,0.0,52.2,3.6,1.2,3.4,0.1,1.2,-62.5,-6362.0
12,0,47,0.2,49.8,0.0,0.0,56.0,3.8,1.3,3.5,0.1,1.5,-62.5,-6362.0
13,0,51,0.2,55.0,0.0,0.0,60.3,3.9,1.5,3.6,0.2,1.8,-62.5,-6362.0
14,0,58,0.3,60.3,0.0,0.0,64.6,4.1,1.6,3.8,0.2,2.2,-62.5,-6362.0
15,0,64,0.3,65.5,0.0,0.0,68.9,4.3,1.7,3.9,0.2,2.6,-62.5,-6362.0
16,0,68,0.4,70.5,0.0,0.0,72.2,4.4,1.8,4.0,0.2,2.9,-62.5,-6362.0
17,0,73,0.5,75.7,0.0,0.0,76.1,4.5,1.9,4.1,0.2,3.4,-62.4,-6362.0
18,0,79,0.5,81.1,0.0,13.7,79.9,4.7,1.9,4.2,0.2,3.8,-62.4,-6361.4
19,0,84,0.6,86.6,0.0,21.9,83.7,4.8,2.0,4.4,0.3,4.3,-62.4,-6361.0
20,0,90,0.6,92.1,0.1,26.8,88.1,4.9,2.0,4.5,0.3,4.9,-62.4,-6360.8
21,0,96,0.7,97.7,0.1,29.8,93.1,5.0,2.0,4.6,0.3,5.4,-62.4,-6360.6
22,1,102,0.8,103.4,0.1,33.2,98.0,5.1,2.1,4.7,0.3,6.0,-62.4,-6360.5
23,1,110,0.9,109.2,0.2,38.0,102.4,5.2,2.2,4.7,0.3,6.7,-62.4,-6360.2
24,1,113,1.0,114.9,0.2,42.5,106.7,5.3,2.2,4.8,0.3,7.3,-62.4,-6360.0
25,1,119,1.1,120.6,0.3,45.6,111.7,5.4,2.2,4.9,0.4,8.0,-62.4,-6359.9
26,1,125,1.2,126.4,0.3,48.9,116.6,5.5,2.2,5.0,0.4,8.7,-62.4,-6359.7
27,1,131,1.4,132.2,0.4,50.7,122.0,5.6,2.2,5.1,0.4,9.4,-62.4,-6359.6
28,1,137,1.5,138.0,0.4,51.5,128.0,5.6,2.3,5.1,0.4,10.1,-62.4,-6359.6
29,1,143,1.6,143.9,0.5,52.3,134.0,5.7,2.4,5.2,0.4,10.8,-62.4,-6359.5
30,2,149,1.7,149.7,0.5,53.1,140.0,5.7,2.4,5.2,0.4,11.6,-62.4,-6359.5
31,2,155,1.9,155.7,0.6,54.8,145.7,5.8,2.5,5.2,0.5,12.3,-62.4,-6359.4
32,2,161,2.1,161.6,0.6,57.3,151.1,5.9,2.6,5.3,0.5,13.1,-62.4,-6359.3
33,2,167,2.2,167.5,0.7,59.8,156.5,5.9,2.5,5.3,0.5,13.8,-62.4,-6359.1
34,2,174,2.4,173.4,0.7,61.0,162.4,5.8,2.1,5.4,0.5,14.6,-62.4,-6359.1
35,2,179,2.6,179.4,0.8,60.6,168.8,5.8,2.0,5.4,0.5,15.3,-62.4,-6359.1
36,3,186,2.8,185.3,0.9,61.6,174.7,5.8,2.0,5.4,0.6,16.0,-62.4,-6359.0
37,3,192,3.0,191.2,0.9,64.0,180.1,5.8,2.0,5.4,0.6,16.7,-62.4,-6358.9
38,3,199,3.1,197.0,1.0,66.4,185.5,5.8,1.9,5.4,0.6,17.4,-62.4,-6358.8
39,3,202,3.3,202.8,1.1,68.6,190.9,5.8,1.8,5.5,0.6,18.1,-62.4,-6358.7
40,3,208,3.5,208.6,1.1,69.3,196.8,5.8,1.7,5.5,0.6,18.8,-62.4,-6358.6
41,3,215,3.7,214.4,1.2,68.4,203.2,5.8,1.7,5.5,0.7,19.4,-62.4,-6358.7
42,4,220,3.9,220.2,1.3,68.8,209.1,5.8,1.7,5.5,0.7,20.0,-62.4,-6358.7
43,4,228,4.2,225.9,1.3,70.7,214.5,5.8,1.7,5.5,0.7,20.5,-62.4,-6358.6
44,4,234,4.4,231.5,1.4,72.5,219.9,5.7,1.8,5.5,0.7,21.1,-62.4,-6358.5
45,4,240,4.6,237.2,1.5,74.1,225.3,5.7,1.9,5.4,0.7,21.6,-62.4,-6358.4
46,5,248,4.8,242.8,1.6,75.7,230.6,5.7,1.9,5.4,0.8,22.1,-62.3,-6358.3
47,5,251,5.1,248.4,1.6,79.0,235.5,5.7,1.9,5.4,0.8,22.6,-62.3,-6358.1
48,5,257,5.3,254.0,1.7,82.1,240.3,5.7,1.9,5.4,0.8,23.0,-62.3,-6357.9
49,5,262,5.5,259.6,1.8,83.7,245.7,5.7,2.0,5.4,0.8,23.4,-62.3,-6357.9
50,6,268,5.8,265.1,1.9,85.2,251.1,5.8,2.1,5.4,0.8,23.7,-62.3,-6357.8
51,6,273,6.1,270.7,2.0,88.3,255.9,5.8,2.3,5.3,0.9,24.0,-62.3,-6357.6
52,6,279,6.3,276.3,2.1,92.8,260.2,5.8,2.3,5.3,0.9,24.3,-62.3,-6357.4
53,6,284,6.6,281.9,2.2,94.4,265.6,5.8,2.4,5.3,0.9,24.6,-62.3,-6357.3
54,7,289,6.8,287.4,2.3,94.4,271.5,5.8,2.4,5.3,0.9,24.8,-62.3,-6357.3
55,7,294,7.1,293.1,2.4,96.2,276.9,5.9,2.5,5.3,0.9,25.0,-62.3,-6357.2
56,7,299,7.4,298.8,2.5,98.0,282.3,5.9,2.7,5.3,1.0,25.1,-62.3,-6357.1
57,8,303,7.7,304.5,2.6,99.9,287.6,6.0,2.9,5.3,1.0,25.2,-62.3,-6357.0
58,8,308,8.0,310.2,2.7,103.5,292.5,6.1,3.0,5.3,1.0,25.3,-62.3,-6356.8
59,8,313,8.3,316.0,2.8,107.0,297.3,6.1,3.1,5.3,1.0,25.4,-62.3,-6356.6
60,8,318,8.6,321.8,2.9,109.2,302.7,6.2,3.3,5.3,1.1,25.4,-62.3,-6356.4
61,9,323,8.9,327.7,3.0,111.6,308.1,6.3,3.4,5.3,1.1,25.4,-62.3,-6356.3
62,9,329,9.2,333.5,3.1,114.0,313.4,6.4,3.6,5.3,1.1,25.4,-62.3,-6356.2
63,9,334,9.5,339.5,3.2,116.7,318.8,6.5,3.7,5.4,1.1,25.3,-62.3,-6356.0
64,10,340,9.8,345.6,3.3,119.8,324.2,6.6,3.9,5.4,1.2,25.2,-62.2,-6355.8
65,10,346,10.2,351.8,3.5,124.5,329.0,6.8,4.1,5.4,1.2,25.0,-62.2,-6355.6
66,10,352,10.5,358.0,3.6,129.2,333.9,6.9,4.3,5.4,1.2,24.8,-62.2,-6355.3
67,11,358,10.8,364.4,3.7,133.0,339.2,7.0,4.4,5.4,1.2,24.7,-62.2,-6355.1
68,11,365,11.2,370.9,3.9,137.1,344.6,7.2,4.6,5.5,1.3,24.4,-62.2,-6354.8
69,11,371,11.5,377.5,4.0,140.2,350.5,7.3,4.9,5.5,1.3,23.9,-62.2,-6354.6
70,12,378,11.9,384.3,4.1,143.6,356.5,7.5,5.2,5.5,1.3,23.4,-62.2,-6354.4
71,12,384,12.3,391.2,4.3,150.1,361.3,7.7,5.4,5.5,1.3,22.9,-62.2,-6354.0
72,12,392,12.6,398.2,4.5,156.6,366.1,7.9,5.7,5.5,1.3,22.4,-62.2,-6353.6
73,13,398,13.0,405.5,4.6,161.3,372.0,8.1,5.9,5.5,1.4,21.9,-62.2,-6353.3
74,13,406,13.4,413.0,4.8,166.4,378.0,8.3,6.2,5.5,1.4,21.4,-62.2,-6353.0
75,13,414,13.8,420.6,5.0,171.9,383.9,8.5,6.4,5.6,1.4,20.9,-62.2,-6352.7
76,14,421,14.2,428.5,5.1,177.9,389.8,8.7,6.7,5.6,1.5,20.4,-62.1,-6352.3
77,14,429,14.5,436.5,5.3,184.3,395.7,8.9,6.9,5.6,1.5,19.9,-62.1,-6351.9
78,15,438,14.9,444.7,5.5,191.0,401.6,9.1,7.2,5.7,1.5,19.5,-62.1,-6351.4
79,15,446,15.4,453.1,5.7,199.1,407.0,9.4,7.4,5.7,1.5,18.9,-62.1,-6350.9
80,16,454,15.7,461.7,5.9,207.6,412.4,9.6,7.7,5.7,1.6,18.5,-62.1,-6350.3
81,16,460,16.2,470.4,6.1,216.3,417.7,9.8,7.9,5.8,1.6,18.0,-62.1,-6349.7
82,16,472,16.6,479.3,6.4,224.1,423.7,10.0,8.1,5.8,1.6,17.5,-62.1,-6349.2
83,17,480,17.0,488.4,6.6,232.4,429.6,10.2,8.3,5.9,1.7,17.0,-62.1,-6348.6
84,17,489,17.5,497.8,6.8,242.2,434.9,10.4,8.6,5.9,1.7,16.4,-62.1,-6348.0
85,18,499,17.9,507.3,7.1,251.1,440.9,10.7,9.0,5.9,1.7,15.9,-62.0,-6347.3
86,18,509,18.3,517.1,7.3,260.3,446.8,10.9,9.2,5.9,1.8,15.5,-62.0,-6346.7
87,19,516,18.8,527.0,7.6,270.8,452.2,11.1,9.4,5.9,1.8,15.0,-62.0,-6345.9
88,19,529,19.3,537.1,7.9,280.5,458.1,11.3,9.6,6.0,1.8,14.4,-62.0,-6345.2
89,20,539,19.7,547.5,8.2,290.6,464.0,11.6,9.9,6.0,1.9,13.9,-62.0,-6344.4
90,20,550,20.2,558.0,8.5,301.7,469.4,11.8,10.2,6.0,1.9,13.4,-62.0,-6343.6
91,20,561,20.7,568.7,8.8,312.3,475.3,12.0,10.4,5.9,1.9,12.9,-62.0,-6342.7
92,21,572,21.2,579.6,9.1,322.3,481.7,12.2,10.7,6.0,2.0,12.4,-61.9,-6341.9
93,21,583,21.6,590.7,9.4,332.6,488.2,12.4,10.9,6.0,2.0,11.9,-61.9,-6341.1
94,22,594,22.1,601.9,9.8,343.1,494.6,12.6,11.1,6.0,2.0,11.4,-61.9,-6340.3
95,22,606,22.6,613.4,10.1,353.8,501.1,12.8,11.3,6.0,2.1,10.9,-61.9,-6339.4
96,23,618,23.1,625.1,10.5,364.9,507.5,12.9,11.4,6.0,2.1,10.5,-61.9,-6338.5
97,23,627,23.6,636.8,10.9,376.0,514.0,13.1,11.6,6.1,2.1,10.1,-61.9,-6337.5
98,24,642,24.2,648.9,11.3,387.5,520.4,13.3,11.8,6.1,2.2,9.6,-61.8,-6336.6
99,25,657,24.7,661.1,11.7,400.0,526.3,13.4,12.0,6.1,2.2,9.2,-61.8,-6335.5
100,25,666,25.2,673.5,12.1,413.3,531.7,13.6,12.1,6.1,2.3,8.8,-61.8,-6334.3
101,25,679,25.7,686.1,12.5,425.5,538.2,13.7,12.3,6.1,2.3,8.4,-61.8,-6333.2
102,26,693,26.3,698.8,12.9,437.2,545.2,13.9,12.5,6.1,2.3,8.0,-61.8,-6332.1
103,27,704,26.8,711.8,13.4,450.5,551.1,14.0,12.6,6.1,2.4,7.6,-61.7,-6330.9
104,27,719,27.4,724.9,13.9,463.9,557.0,14.2,12.8,6.1,2.4,7.2,-61.7,-6329.7
105,28,732,27.9,738.0,14.3,477.3,562.9,14.3,12.9,6.1,2.5,6.9,-61.7,-6328.4
106,28,745,28.5,751.3,14.8,491.4,568.3,14.4,13.1,6.1,2.5,6.5,-61.7,-6327.0
107,29,759,29.1,764.7,15.3,505.0,574.2,14.6,13.3,6.0,2.5,6.2,-61.7,-6325.7
108,29,774,29.7,778.1,15.9,517.9,580.6,14.7,13.4,6.0,2.6,5.9,-61.6,-6324.4
109,30,786,30.3,791.7,16.4,531.2,587.1,14.8,13.6,5.9,2.6,5.5,-61.6,-6323.1
110,31,801,30.9,805.5,16.9,545.1,593.0,15.0,13.8,5.9,2.7,5.2,-61.6,-6321.6
111,31,816,31.5,819.4,17.5,559.2,598.9,15.1,13.9,5.8,2.7,4.9,-61.6,-6320.2
112,32,824,32.1,833.4,18.1,572.8,605.4,15.2,14.1,5.8,2.7,4.6,-61.5,-6318.7
113,32,844,32.7,847.6,18.7,587.2,611.3,15.4,14.3,5.7,2.8,4.4,-61.5,-6317.2
114,33,860,33.3,861.9,19.3,601.6,617.2,15.5,14.4,5.7,2.8,4.1,-61.5,-6315.6
115,34,874,33.9,876.1,19.9,615.8,623.1,15.5,14.5,5.6,2.9,3.8,-61.5,-6314.1
116,34,889,34.6,890.6,20.5,630.4,629.0,15.6,14.6,5.6,2.9,3.6,-61.4,-6312.4
117,35,904,35.2,905.1,21.1,645.0,634.9,15.7,14.8,5.5,2.9,3.3,-61.4,-6310.8
118,36,918,35.9,919.6,21.8,660.1,640.3,15.8,14.9,5.4,3.0,3.1,-61.4,-6309.0
119,36,934,36.5,934.3,22.5,675.3,645.7,15.9,15.0,5.3,3.0,2.9,-61.4,-6307.3
120,37,946,37.2,949.1,23.2,690.0,651.6,16.0,15.1,5.3,3.0,2.7,-61.3,-6305.5
121,38,961,37.8,963.9,23.9,704.8,657.5,16.1,15.2,5.2,3.1,2.6,-61.3,-6303.8
122,38,976,38.5,978.7,24.6,720.6,662.4,16.1,15.3,5.2,3.1,2.4,-61.3,-6301.8
123,39,988,39.2,993.7,25.3,736.4,667.2,16.2,15.4,5.1,3.1,2.2,-61.3,-6299.9
124,40,1006,39.8,1008.6,26.1,752.1,672.0,16.3,15.6,5.0,3.2,2.1,-61.2,-6297.9
125,40,1021,40.5,1023.7,26.9,768.0,676.9,16.4,15.7,4.9,3.2,1.9,-61.2,-6295.9
126,41,1037,41.2,1038.8,27.6,783.4,682.3,16.5,15.8,4.8,3.3,1.8,-61.2,-6293.9
127,42,1052,41.9,1054.0,28.4,799.2,687.1,16.6,15.9,4.6,3.3,1.7,-61.1,-6291.9
128,42,1068,42.6,1069.4,29.2,815.8,691.4,16.7,16.0,4.5,3.3,1.6,-61.1,-6289.7
129,43,1083,43.3,1084.6,30.1,831.7,696.2,16.7,16.1,4.4,3.4,1.5,-61.1,-6287.6
130,44,1098,44.0,1099.9,30.9,847.1,701.6,16.8,16.2,4.3,3.4,1.4,-61.0,-6285.5
131,45,1114,44.7,1115.3,31.8,863.5,705.9,16.8,16.3,4.1,3.4,1.3,-61.0,-6283.2
132,45,1129,45.4,1130.7,32.7,880.7,709.1,16.9,16.4,4.0,3.5,1.2,-61.0,-6280.8
133,46,1145,46.1,1146.1,33.6,897.4,712.9,16.8,16.4,3.9,3.5,1.1,-61.0,-6278.4
134,47,1159,46.8,1161.6,34.5,913.8,717.2,16.8,16.4,3.8,3.5,1.0,-60.9,-6276.1
135,47,1176,47.6,1177.1,35.4,930.1,721.5,16.8,16.4,3.6,3.6,1.0,-60.9,-6273.7
136,48,1191,48.3,1192.8,36.4,946.5,725.8,16.7,16.4,3.4,3.6,0.9,-60.9,-6271.3
137,49,1206,49.0,1208.5,37.3,963.4,729.6,16.6,16.3,3.3,3.7,0.8,-60.8,-6268.8
138,50,1222,49.8,1224.2,38.3,980.7,732.8,16.5,16.2,3.1,3.7,0.8,-60.8,-6266.2
139,50,1236,50.5,1240.1,39.3,998.1,736.0,16.4,16.1,3.0,3.8,0.7,-60.8,-6263.5
140,51,1254,51.3,1255.9,40.3,1015.3,739.2,16.3,16.0,2.8,3.8,0.7,-60.7,-6260.9
141,52,1270,52.0,1271.8,41.4,1032.6,742.5,16.2,16.0,2.6,3.9,0.6,-60.7,-6258.2
142,53,1286,52.8,1287.7,42.4,1050.1,745.2,16.0,15.8,2.4,3.9,0.6,-60.6,-6255.4
143,53,1301,53.5,1303.6,43.5,1068.1,747.3,15.9,15.7,2.2,4.0,0.6,-60.6,-6252.5
144,54,1318,54.3,1319.5,44.6,1086.0,749.5,15.7,15.6,2.0,4.1,0.5,-60.6,-6249.6
145,55,1334,55.1,1335.3,45.7,1103.7,751.6,15.5,15.4,1.8,4.1,0.5,-60.5,-6246.6
146,56,1351,55.8,1350.6,46.8,1120.7,753.8,15.3,15.2,1.6,4.2,0.5,-60.5,-6243.8
147,56,1366,56.5,1365.3,47.9,1137.3,755.4,15.1,15.0,1.4,4.3,0.4,-60.5,-6241.0
148,57,1381,57.3,1379.4,49.1,1153.2,757.0,14.9,14.8,1.2,4.3,0.4,-60.4,-6238.3
149,58,1399,58.1,1392.9,50.2,1167.8,759.1,14.6,14.6,1.0,4.4,0.4,-60.4,-6235.7
150,59,1414,58.9,1405.9,51.4,1182.6,760.2,14.4,14.4,0.8,4.4,0.4,-60.4,-6233.1
151,60,1432,59.6,1418.3,52.6,1197.4,760.2,14.2,14.2,0.6,4.5,0.3,-60.3,-6230.5
152,60,1448,60.4,1430.4,53.8,1211.3,760.8,13.9,13.9,0.3,4.6,0.3,-60.3,-6228.0
153,61,1464,61.2,1442.0,55.1,1224.7,761.3,13.7,13.7,0.1,4.6,0.3,-60.3,-6225.6
154,62,1480,62.0,1453.3,56.3,1237.9,761.3,13.4,13.4,-0.1,4.7,0.3,-60.2,-6223.2
155,63,1497,62.7,1464.2,57.5,1250.8,761.3,13.1,13.1,-0.3,4.7,0.2,-60.2,-6220.9
156,64,1513,63.5,1474.8,58.8,1263.7,760.2,12.8,12.8,-0.6,4.8,0.2,-60.2,-6218.5
157,64,1528,64.3,1485.0,60.1,1276.6,758.6,12.5,12.4,-0.8,4.8,0.2,-60.2,-6216.1
158,65,1545,65.0,1494.8,61.4,1288.3,758.1,12.1,12.1,-1.0,4.9,0.2,-60.1,-6213.9
159,66,1562,65.8,1504.3,62.7,1299.9,757.0,11.8,11.7,-1.2,4.9,0.2,-60.1,-6211.7
160,67,1572,66.6,1513.4,64.0,1311.7,754.8,11.4,11.3,-1.4,5.0,0.2,-60.1,-6209.4
161,67,1573,67.4,1522.2,65.3,1322.7,753.2,11.1,11.0,-1.6,5.0,0.1,-60.1,-6207.3
162,68,1569,68.1,1530.6,66.6,1333.0,752.2,10.8,10.7,-1.8,5.1,0.1,-60.0,-6205.3
163,69,1566,68.9,1538.7,68.0,1343.2,750.5,10.6,10.4,-2.0,5.1,0.1,-60.0,-6203.3
164,70,1563,69.6,1546.4,69.3,1353.3,748.4,10.3,10.1,-2.2,5.2,0.1,-60.0,-6201.3
165,71,1561,70.4,1553.8,70.7,1363.2,745.7,10.2,9.9,-2.3,5.2,0.1,-60.0,-6199.3
166,71,1563,71.1,1560.9,72.1,1373.0,742.5,10.0,9.6,-2.5,5.3,0.1,-59.9,-6197.4
167,72,1564,71.9,1567.5,73.5,1382.3,739.2,9.8,9.4,-2.6,5.3,0.1,-59.9,-6195.5
168,73,1568,72.6,1573.9,74.8,1391.2,736.0,9.7,9.3,-2.8,5.4,0.1,-59.9,-6193.7
169,74,1572,73.4,1579.9,76.2,1399.6,732.8,9.5,9.1,-2.9,5.4,0.1,-59.9,-6192.0
170,74,1576,74.1,1585.5,77.7,1408.0,729.0,9.4,8.9,-3.1,5.5,0.1,-59.9,-6190.3
171,75,1581,74.8,1590.8,79.1,1415.9,725.3,9.3,8.8,-3.2,5.5,0.1,-59.8,-6188.7
172,76,1585,75.5,1595.8,80.5,1423.4,721.5,9.2,8.6,-3.3,5.5,0.0,-59.8,-6187.1
173,76,1591,76.3,1600.5,81.9,1430.5,717.7,9.1,8.5,-3.4,5.6,0.0,-59.8,-6185.6
174,77,1596,77.0,1604.8,83.4,1436.9,714.5,9.1,8.4,-3.5,5.6,0.0,-59.8,-6184.3
175,78,1601,77.7,1608.8,84.8,1443.2,710.8,9.0,8.3,-3.5,5.6,0.0,-59.8,-6183.0
176,79,1606,78.4,1612.6,86.3,1449.6,706.5,8.9,8.2,-3.6,5.7,0.0,-59.8,-6181.6
177,79,1611,79.1,1616.6,87.7,1456.2,702.2,8.9,8.1,-3.7,5.7,0.0,-59.7,-6180.2
178,80,1617,79.8,1621.0,89.2,1463.1,697.8,8.9,8.0,-3.8,5.7,0.0,-59.7,-6178.8
179,81,1622,80.5,1625.6,90.6,1470.3,693.5,8.9,8.0,-3.9,5.8,0.0,-59.7,-6177.2
180,81,1628,81.2,1630.6,92.1,1477.8,689.2,8.9,7.9,-3.9,5.8,0.0,-59.7,-6175.6
181,82,1633,81.9,1635.8,93.6,1485.3,685.5,8.8,7.9,-4.0,5.8,0.0,-59.7,-6174.0
182,83,1639,82.5,1641.2,95.1,1492.9,681.7,8.8,7.9,-4.0,5.9,0.0,-59.6,-6172.4
183,83,1644,83.2,1646.8,96.6,1501.0,677.4,8.8,7.8,-4.0,5.9,0.0,-59.6,-6170.6
184,84,1650,83.9,1652.4,98.1,1509.1,673.1,8.8,7.8,-4.0,6.0,0.0,-59.6,-6168.8
185,85,1656,84.5,1658.2,99.6,1517.3,668.8,8.8,7.8,-4.0,6.0,0.0,-59.6,-6167.0
186,85,1661,85.2,1664.0,101.1,1525.5,664.5,8.8,7.8,-4.0,6.0,0.0,-59.6,-6165.2
187,86,1667,85.9,1669.8,102.7,1533.5,660.8,8.8,7.9,-4.0,6.1,0.0,-59.5,-6163.5
188,87,1673,86.5,1675.8,104.2,1541.9,656.5,8.9,7.9,-4.0,nan,nan,-59.5,-6161.6
189,87,1679,87.2,1681.8,105.8,1550.5,651.6,8.9,8.0,-4.0,nan,nan,-59.5,-6159.7
190,88,1686,87.8,1687.9,107.3,1558.6,647.8,9.0,8.1,-4.0,nan,nan,-59.5,-6157.8
191,89,1692,88.5,1694.0,108.9,1566.8,644.1,9.1,8.1,-4.0,nan,nan,-59.5,-6156.0
192,89,1698,89.1,1699.8,110.5,1574.8,639.8,9.1,8.2,-4.0,nan,nan,-59.4,-6154.2
193,90,1704,89.7,1706.0,112.1,1583.3,635.5,9.2,8.3,-4.0,nan,nan,-59.4,-6152.3
194,91,1711,90.4,1712.3,113.7,1591.8,631.2,9.2,8.3,-4.0,nan,nan,-59.4,-6150.3
195,91,1717,91.0,1718.7,115.3,1600.3,626.9,9.3,8.4,-4.0,nan,nan,-59.4,-6148.3
196,92,1723,91.6,1725.1,116.9,1608.7,623.1,9.3,8.4,-4.0,nan,nan,-59.4,-6146.4
197,92,1730,92.3,1731.6,118.5,1617.1,619.4,9.4,8.5,-4.0,nan,nan,-59.3,-6144.5
198,93,1736,92.9,1738.1,120.1,1625.5,615.6,9.4,8.5,-4.0,nan,nan,-59.3,-6142.5
199,94,1743,93.5,1744.7,121.7,1634.0,611.8,9.4,8.5,-3.9,nan,nan,-59.3,-6140.5
200,94,1750,94.1,1751.4,123.4,1642.4,608.1,9.4,8.6,-3.9,nan,nan,-59.3,-6138.5
201,95,1756,94.7,1758.1,125.0,1651.0,604.3,9.4,8.6,-3.9,nan,nan,-59.3,-6136.5
202,95,1763,95.3,1764.9,126.7,1659.5,600.5,9.4,8.6,-3.9,nan,nan,-59.2,-6134.4
203,96,1771,95.9,1771.7,128.4,1668.0,597.3,9.4,8.6,-3.8,nan,nan,-59.2,-6132.4
204,97,1777,96.5,1778.6,130.0,1676.6,593.5,9.4,8.6,-3.8,nan,nan,-59.2,-6130.3
205,97,1784,97.1,1785.5,131.7,1685.5,589.2,9.4,8.7,-3.8,nan,nan,-59.2,-6128.2
206,98,1791,97.6,1792.5,133.4,1694.2,585.5,9.5,8.7,-3.8,nan,nan,-59.1,-6126.1
207,98,1785,98.2,1799.5,135.1,1702.7,582.3,9.5,8.7,-3.8,nan,nan,-59.1,-6124.0
208,99,1805,98.8,1806.6,136.8,1711.3,579.0,9.5,8.8,-3.7,nan,nan,-59.1,-6121.9
209,100,1812,99.4,1813.7,138.5,1720.1,575.3,9.5,8.8,-3.7,nan,nan,-59.1,-6119.7
210,100,1819,99.9,1820.9,140.3,1729.1,571.0,9.6,8.8,-3.7,nan,nan,-59.1,-6117.5
211,101,1827,100.5,1828.1,142.0,1738.1,566.7,9.6,8.8,-3.7,nan,nan,-59.0,-6115.3
212,101,1834,101.1,1835.4,143.8,1747.1,562.4,9.6,8.9,-3.7,nan,nan,-59.0,-6113.0
213,102,1841,101.6,1842.7,145.5,1756.0,558.6,9.6,8.9,-3.7,nan,nan,-59.0,-6110.8
214,102,1849,102.2,1850.1,147.3,1764.9,554.8,9.6,8.9,-3.7,nan,nan,-59.0,-6108.5
215,103,1856,102.7,1857.5,149.1,1773.9,551.1,9.7,9.0,-3.7,nan,nan,-58.9,-6106.2
216,103,1863,103.3,1865.0,150.8,1782.7,547.8,9.7,9.0,-3.7,nan,nan,-58.9,-6104.0
217,104,1871,103.8,1872.5,152.6,1791.6,544.6,9.7,9.0,-3.7,nan,nan,-58.9,-6101.7
218,104,1879,104.4,1880.1,154.4,1800.5,541.4,9.8,9.0,-3.7,nan,nan,-58.9,-6099.4
219,105,1886,104.9,1887.7,156.2,1809.2,538.7,9.8,9.1,-3.7,nan,nan,-58.8,-6097.2
220,106,1894,105.5,1895.4,158.1,1818.2,535.5,9.8,9.1,-3.7,nan,nan,-58.8,-6094.9
221,106,1902,106.0,1903.1,159.9,1827.5,531.2,9.8,9.1,-3.7,nan,nan,-58.8,-6092.4
222,107,1910,106.5,1910.9,161.7,1836.6,527.4,9.9,9.2,-3.7,nan,nan,-58.8,-6090.0
223,107,1917,107.1,1919.1,163.6,1846.2,523.7,9.9,9.2,-3.7,nan,nan,-58.7,-6087.5
224,108,1925,107.6,1926.9,165.4,1855.4,519.9,10.0,9.2,-3.7,nan,nan,-58.7,-6085.0
225,108,1933,108.1,1934.8,167.3,1864.5,516.7,10.0,9.3,-3.7,nan,nan,-58.7,-6082.6
226,109,1941,108.6,1942.7,169.2,1873.8,512.9,10.0,9.3,-3.6,nan,nan,-58.7,-6080.1
227,109,1949,109.1,1950.7,171.0,1883.1,509.1,10.0,9.3,-3.6,nan,nan,-58.6,-6077.6
228,110,1956,109.6,1958.8,172.9,1892.5,505.4,10.0,9.3,-3.6,nan,nan,-58.6,-6075.1
229,110,1965,110.1,1966.8,174.8,1901.8,501.6,10.0,9.3,-3.6,nan,nan,-58.6,-6072.6
230,111,1973,110.6,1975.0,176.8,1911.0,498.4,10.0,9.4,-3.6,nan,nan,-58.6,-6070.0
231,111,1981,111.1,1983.1,178.7,1920.4,494.6,10.1,9.4,-3.6,nan,nan,-58.5,-6067.5
232,112,1989,111.6,1991.3,180.6,1929.8,490.9,10.1,9.4,-3.6,nan,nan,-58.5,-6064.9
233,112,1997,112.1,1999.5,182.5,1939.3,487.1,10.1,9.5,-3.6,nan,nan,-58.5,-6062.2
234,113,2006,112.6,2007.9,184.5,1949.0,482.8,10.2,9.5,-3.7,nan,nan,-58.5,-6059.5
235,113,2015,113.1,2016.2,186.4,1958.5,479.0,10.2,9.6,-3.7,nan,nan,-58.4,-6056.9
236,114,2023,113.5,2024.6,188.4,1968.0,475.3,10.2,9.6,-3.7,nan,nan,-58.4,-6054.2
237,114,2031,114.0,2033.0,190.4,1977.6,471.5,10.3,9.6,-3.6,nan,nan,-58.4,-6051.5
238,115,2040,114.5,2041.5,192.4,1987.2,467.7,10.3,9.6,-3.6,nan,nan,-58.4,-6048.7
239,115,2047,114.9,2050.1,194.4,1997.0,463.4,10.3,9.6,-3.6,nan,nan,-58.3,-6045.9
240,115,2057,115.4,2058.7,196.4,2006.6,460.2,10.3,9.7,-3.6,nan,nan,-58.3,-6043.2
241,116,2066,115.8,2067.3,198.4,2016.1,457.5,10.4,9.7,-3.6,nan,nan,-58.3,-6040.5
242,116,2074,116.3,2076.0,200.4,2025.6,454.3,10.4,9.7,-3.6,nan,nan,-58.3,-6037.7
243,117,2084,116.7,2084.7,202.5,2035.3,451.1,10.4,9.8,-3.6,nan,nan,-58.2,-6034.9
244,117,2091,117.2,2093.5,204.5,2045.1,447.8,10.4,9.8,-3.6,nan,nan,-58.2,-6032.0
245,118,2100,117.6,2102.3,206.6,2054.9,444.1,10.5,9.8,-3.6,nan,nan,-58.2,-6029.1
246,118,2108,118.1,2111.2,208.6,2064.8,440.3,10.5,9.9,-3.5,nan,nan,-58.1,-6026.2
247,119,2117,118.5,2120.1,210.7,2074.7,436.6,10.5,9.9,-3.5,nan,nan,-58.1,-6023.3
248,119,2128,118.9,2129.1,212.8,2084.7,432.8,10.5,9.9,-3.5,nan,nan,-58.1,-6020.3
249,120,2137,119.4,2138.2,214.9,2094.7,429.0,10.6,10.0,-3.5,nan,nan,-58.1,-6017.3
250,120,2145,119.8,2147.2,217.0,2104.8,424.7,10.6,10.0,-3.4,nan,nan,-58.0,-6014.2
251,120,2154,120.2,2156.3,219.1,2114.7,421.5,10.6,10.0,-3.4,nan,nan,-58.0,-6011.2
252,121,2163,120.6,2165.4,221.2,2124.5,418.8,10.6,10.1,-3.4,nan,nan,-58.0,-6008.2
253,121,2172,121.0,2174.6,223.4,2134.6,415.6,10.7,10.1,-3.3,nan,nan,-57.9,-6005.2
254,122,2183,121.4,2183.9,225.5,2144.8,411.8,10.7,10.1,-3.3,nan,nan,-57.9,-6002.0
255,122,2192,121.8,2193.3,227.7,2155.0,408.1,10.7,10.2,-3.3,nan,nan,-57.9,-5998.9
256,122,2201,122.3,2202.8,229.8,2165.2,404.8,10.7,10.2,-3.3,nan,nan,-57.9,-5995.7
257,123,2209,122.6,2212.2,232.0,2175.4,401.6,10.8,10.3,-3.3,nan,nan,-57.8,-5992.5
258,123,2220,123.1,2221.7,234.2,2185.7,398.4,10.8,10.3,-3.3,nan,nan,-57.8,-5989.3
259,124,2230,123.5,2231.3,236.4,2196.0,395.2,10.9,10.3,-3.3,nan,nan,-57.8,-5986.1
260,124,2239,123.8,2240.8,238.6,2206.4,391.4,10.9,10.4,-3.3,nan,nan,-57.7,-5982.8
261,124,2249,124.2,2250.4,240.8,2216.7,388.2,10.9,10.4,-3.2,nan,nan,-57.7,-5979.5
262,125,2258,124.6,2260.2,243.0,2227.1,385.5,10.9,10.5,-3.2,nan,nan,-57.7,-5976.2
263,125,2268,125.0,2270.0,245.3,2237.6,382.3,11.0,10.5,-3.2,nan,nan,-57.6,-5972.8
264,125,2277,125.4,2279.8,247.5,2248.1,379.0,11.0,10.5,-3.2,nan,nan,-57.6,-5969.4
265,126,2287,125.7,2289.7,249.8,2258.5,376.3,11.1,10.6,-3.2,nan,nan,-57.6,-5966.0
266,126,2296,126.1,2299.6,252.0,2269.1,373.7,11.1,10.6,-3.1,nan,nan,-57.5,-5962.6
267,127,2306,126.5,2309.7,254.3,2279.8,370.4,11.2,10.7,-3.2,nan,nan,-57.5,-5959.1
268,127,2318,126.9,2319.7,256.6,2290.5,367.2,11.2,10.7,-3.2,nan,nan,-57.5,-5955.5
269,127,2328,127.2,2329.9,258.9,2301.2,364.5,11.2,10.8,-3.2,nan,nan,-57.5,-5952.0
270,128,2339,127.6,2340.0,261.2,2311.9,361.8,11.3,10.8,-3.1,nan,nan,-57.4,-5948.4
271,128,2349,127.9,2350.2,263.6,2322.8,358.1,11.3,10.9,-3.1,nan,nan,-57.4,-5944.8
272,128,2359,128.3,2360.5,265.9,2333.7,354.8,11.4,10.9,-3.1,nan,nan,-57.4,-5941.1
273,129,2369,128.6,2370.8,268.2,2344.5,352.2,11.4,11.0,-3.1,nan,nan,-57.3,-5937.5
274,129,2379,129.0,2381.2,270.6,2355.5,348.9,11.4,11.0,-3.1,nan,nan,-57.3,-5933.7
275,129,2388,129.3,2391.6,273.0,2366.5,345.7,11.5,11.1,-3.1,nan,nan,-57.3,-5930.0
276,130,2399,129.7,2402.1,275.3,2377.5,343.0,11.5,11.1,-3.1,nan,nan,-57.2,-5926.2
277,130,2410,130.0,2412.7,277.7,2388.5,340.3,11.6,11.2,-3.1,nan,nan,-57.2,-5922.4
278,131,2421,130.4,2423.3,280.1,2399.7,337.1,11.6,11.2,-3.1,nan,nan,-57.1,-5918.5
279,131,2432,130.7,2434.0,282.5,2411.1,333.3,11.7,11.3,-3.1,nan,nan,-57.1,-5914.6
280,131,2442,131.0,2444.7,284.9,2422.4,330.1,11.7,11.3,-3.1,nan,nan,-57.1,-5910.6
281,132,2454,131.4,2455.6,287.4,2433.7,327.4,11.8,11.4,-3.1,nan,nan,-57.0,-5906.6
282,132,2465,131.7,2466.5,289.8,2445.2,323.7,11.8,11.4,-3.1,nan,nan,-57.0,-5902.5
283,132,2476,132.0,2477.5,292.3,2456.8,319.9,11.9,11.5,-3.1,nan,nan,-57.0,-5898.4
284,132,2486,132.3,2488.5,294.8,2468.3,316.7,12.0,11.5,-3.2,nan,nan,-56.9,-5894.3
285,133,2498,132.6,2499.5,297.2,2479.7,314.0,12.0,11.6,-3.2,nan,nan,-56.9,-5890.2
286,133,2508,132.9,2510.6,299.7,2491.2,311.3,12.1,11.6,-3.2,nan,nan,-56.9,-5886.0
287,133,2519,133.3,2521.7,302.2,2502.8,308.1,12.1,11.7,-3.1,nan,nan,-56.8,-5881.8
288,134,2529,133.6,2533.0,304.7,2514.5,304.8,12.2,11.8,-3.2,nan,nan,-56.8,-5877.5
289,134,2542,133.9,2544.2,307.3,2526.3,301.6,12.2,11.8,-3.2,nan,nan,-56.7,-5873.2
290,134,2553,134.2,2555.6,309.8,2538.0,298.9,12.3,11.9,-3.2,nan,nan,-56.7,-5868.8
291,135,2564,134.5,2567.1,312.4,2549.9,296.2,12.3,11.9,-3.2,nan,nan,-56.7,-5864.4
292,135,2576,134.8,2578.6,314.9,2562.0,292.5,12.4,12.0,-3.2,nan,nan,-56.6,-5859.9
293,135,2587,135.1,2590.2,317.5,2574.1,288.7,12.5,12.0,-3.2,nan,nan,-56.6,-5855.4
294,135,2599,135.3,2601.9,320.1,2586.1,286.0,12.5,12.1,-3.2,nan,nan,-56.6,-5850.8
295,136,2610,135.6,2613.6,322.7,2598.2,283.3,12.6,12.2,-3.1,nan,nan,-56.5,-5846.3
296,136,2623,135.9,2625.4,325.3,2610.4,280.1,12.6,12.2,-3.2,nan,nan,-56.5,-5841.6
297,136,2634,136.2,2637.2,327.9,2622.6,276.9,12.7,12.3,-3.1,nan,nan,-56.4,-5836.9
298,137,2647,136.4,2649.1,330.5,2634.9,273.7,12.7,12.3,-3.1,nan,nan,-56.4,-5832.2
299,137,2659,136.7,2661.0,333.2,2647.3,269.9,12.7,12.4,-3.1,nan,nan,-56.4,-5827.4
300,137,2670,137.0,2673.0,335.9,2659.8,266.1,12.8,12.4,-3.1,nan,nan,-56.3,-5822.5
301,137,2682,137.2,2685.1,338.5,2672.2,263.4,12.9,12.5,-3.1,nan,nan,-56.3,-5817.6
302,138,2692,137.5,2697.3,341.2,2684.7,260.8,12.9,12.6,-3.1,nan,nan,-56.2,-5812.7
303,138,2708,137.7,2709.6,343.9,2697.3,257.0,13.0,12.6,-3.1,nan,nan,-56.2,-5807.7
304,138,2719,138.0,2721.9,346.6,2710.1,253.2,13.0,12.7,-3.1,nan,nan,-56.1,-5802.6
305,138,2731,138.3,2734.3,349.3,2722.8,250.5,13.1,12.7,-3.1,nan,nan,-56.1,-5797.5
306,139,2744,138.5,2746.7,352.1,2735.5,247.8,13.2,12.8,-3.1,nan,nan,-56.1,-5792.4
307,139,2756,138.7,2759.1,354.8,2748.3,244.6,13.2,12.9,-3.1,nan,nan,-56.0,-5787.2
308,139,2770,139.0,2771.6,357.6,2761.1,241.4,13.3,12.9,-3.0,nan,nan,-56.0,-5782.0
309,139,2782,139.2,2784.3,360.4,2774.0,238.7,13.3,13.0,-3.0,nan,nan,-55.9,-5776.7
310,140,2795,139.5,2797.0,363.1,2787.0,236.0,13.4,13.0,-3.1,nan,nan,-55.9,-5771.3
311,140,2808,139.7,2809.8,365.9,2800.2,232.3,13.4,13.1,-3.1,nan,nan,-55.8,-5765.8
312,140,2820,139.9,2822.6,368.8,2813.3,229.0,13.5,13.2,-3.1,nan,nan,-55.8,-5760.4
313,140,2833,140.2,2835.5,371.6,2826.4,226.9,13.6,13.2,-3.1,nan,nan,-55.7,-5754.9
314,140,2846,140.4,2848.3,374.4,2839.5,224.7,13.6,13.3,-3.0,nan,nan,-55.7,-5749.4
315,141,2858,140.6,2861.3,377.3,2852.7,222.0,13.7,13.3,-3.0,nan,nan,-55.6,-5743.8
316,141,2872,140.8,2874.4,380.1,2866.1,218.8,13.7,13.4,-3.0,nan,nan,-55.6,-5738.1
317,141,2886,141.0,2887.5,383.0,2879.5,215.6,13.8,13.5,-3.0,nan,nan,-55.6,-5732.3
318,141,2899,141.2,2900.8,385.9,2893.0,212.4,13.8,13.5,-2.9,nan,nan,-55.5,-5726.5
319,142,2913,141.4,2914.1,388.8,2906.6,209.1,13.9,13.6,-2.9,nan,nan,-55.5,-5720.6
320,142,2926,141.6,2927.5,391.7,2920.2,205.9,14.0,13.6,-2.9,nan,nan,-55.4,-5714.6
321,142,2937,141.9,2940.9,394.7,2933.9,202.7,14.0,13.7,-2.9,nan,nan,-55.4,-5708.6
322,142,2950,142.1,2954.5,397.6,2947.7,200.0,14.1,13.8,-2.9,nan,nan,-55.3,-5702.5
323,142,2963,142.3,2968.0,400.6,2961.4,197.8,14.2,13.9,-2.9,nan,nan,-55.3,-5696.5
324,143,2979,142.5,2981.6,403.6,2975.2,195.2,14.2,13.9,-3.0,nan,nan,-55.2,-5690.3
325,143,2993,142.6,2995.2,406.5,2989.1,191.4,14.3,14.0,-3.0,nan,nan,-55.2,-5684.0
326,143,3007,142.8,3008.9,409.6,3003.1,187.6,14.4,14.1,-2.9,nan,nan,-55.1,-5677.7
327,143,3020,143.0,3022.8,412.6,3017.1,184.4,14.4,14.1,-2.9,nan,nan,-55.1,-5671.3
328,143,3034,143.2,3036.7,415.6,3031.3,181.2,14.5,14.2,-2.9,nan,nan,-55.0,-5664.8
329,143,3046,143.4,3050.8,418.6,3045.5,179.0,14.6,14.3,-2.9,nan,nan,-55.0,-5658.3
330,144,3061,143.6,3064.9,421.7,3059.8,177.4,14.7,14.3,-3.0,nan,nan,-54.9,-5651.7
331,144,3076,143.7,3079.1,424.8,3074.2,174.7,14.7,14.4,-2.9,nan,nan,-54.8,-5645.0
332,144,3088,143.9,3093.4,427.9,3088.6,171.5,14.8,14.5,-2.9,nan,nan,-54.8,-5638.2
333,144,3104,144.1,3107.7,431.0,3103.1,168.8,14.9,14.6,-2.9,nan,nan,-54.7,-5631.4
334,144,3119,144.2,3122.1,434.1,3117.6,166.7,14.9,14.6,-2.8,nan,nan,-54.7,-5624.6
335,145,3134,144.4,3136.4,437.2,3132.1,164.0,15.0,14.7,-2.8,nan,nan,-54.6,-5617.7
336,145,3149,144.5,3151.0,440.4,3146.9,160.2,15.1,14.8,-2.8,nan,nan,-54.6,-5610.5
337,145,3164,144.7,3165.7,443.5,3161.8,156.5,15.1,14.9,-2.8,nan,nan,-54.5,-5603.3
338,145,3176,144.9,3180.5,446.7,3176.8,153.2,15.2,15.0,-2.8,nan,nan,-54.5,-5596.0
339,145,3190,145.0,3195.3,449.9,3191.8,150.0,15.3,15.0,-2.9,nan,nan,-54.4,-5588.7
340,145,3205,145.2,3210.2,453.1,3206.8,146.8,15.4,15.1,-2.8,nan,nan,-54.3,-5581.3
341,145,3221,145.3,3225.2,456.3,3222.0,144.1,15.5,15.2,-2.8,nan,nan,-54.3,-5573.8
342,146,3236,145.4,3240.1,459.6,3237.0,141.9,15.5,15.3,-2.7,nan,nan,-54.2,-5566.3
343,146,3253,145.5,3255.3,462.8,3252.3,139.2,15.6,15.4,-2.7,nan,nan,-54.2,-5558.7
344,146,3269,145.7,3270.5,466.1,3267.6,136.0,15.7,15.4,-2.7,nan,nan,-54.1,-5550.9
345,146,3284,145.9,3285.8,469.4,3283.1,132.8,15.8,15.5,-2.8,nan,nan,-54.0,-5543.0
346,146,3299,146.0,3301.2,472.7,3298.6,130.1,15.9,15.6,-2.8,nan,nan,-54.0,-5535.1
347,146,3315,146.1,3316.7,476.0,3314.2,128.0,16.0,15.7,-2.8,nan,nan,-53.9,-5527.1
348,146,3329,146.3,3332.4,479.3,3330.0,125.8,16.0,15.8,-2.9,nan,nan,-53.9,-5519.0
349,146,3344,146.4,3348.1,482.7,3345.8,123.7,16.1,15.9,-2.9,nan,nan,-53.8,-5510.8
350,147,3358,146.5,3364.0,486.0,3361.8,121.5,16.2,16.0,-2.9,nan,nan,-53.7,-5502.5
351,147,3378,146.6,3379.9,489.4,3377.8,118.8,16.3,16.1,-2.9,nan,nan,-53.7,-5494.0
352,147,3392,146.7,3395.9,492.8,3393.9,115.6,16.4,16.2,-2.8,nan,nan,-53.6,-5485.4
353,147,3408,146.8,3411.9,496.2,3410.1,112.4,16.5,16.2,-2.8,nan,nan,-53.5,-5476.8
354,147,3424,146.9,3428.0,499.6,3426.3,109.1,16.6,16.3,-2.7,nan,nan,-53.5,-5468.1
355,147,3441,147.0,3444.2,503.1,3442.6,106.5,16.6,16.4,-2.7,nan,nan,-53.4,-5459.2
356,147,3457,147.1,3460.6,506.5,3459.0,104.3,16.7,16.5,-2.7,nan,nan,-53.3,-5450.3
357,147,3471,147.2,3477.0,510.0,3475.5,102.2,16.8,16.6,-2.7,nan,nan,-53.3,-5441.3
358,147,3489,147.3,3493.6,513.5,3492.2,100.0,16.9,16.7,-2.7,nan,nan,-53.2,-5432.1
359,148,3505,147.4,3510.2,517.0,3508.8,97.3,17.0,16.8,-2.7,nan,nan,-53.1,-5422.8
360,148,3522,147.5,3526.9,520.5,3525.6,93.5,17.1,16.9,-2.7,nan,nan,-53.1,-5413.4
361,148,3538,147.6,3543.6,524.1,3542.4,89.8,17.2,17.0,-2.7,nan,nan,-53.0,-5403.9
362,148,3556,147.7,3560.4,527.6,3559.4,86.6,17.3,17.1,-2.8,nan,nan,-52.9,-5394.2
363,148,3574,147.8,3577.5,531.2,3576.5,83.3,17.4,17.2,-2.8,nan,nan,-52.9,-5384.4
364,148,3592,147.9,3594.8,534.8,3593.9,80.1,17.5,17.3,-2.8,nan,nan,-52.8,-5374.4
365,148,3610,148.0,3612.4,538.4,3611.6,76.9,17.6,17.3,-2.9,nan,nan,-52.7,-5364.1
366,148,3627,148.1,3629.8,542.0,3629.1,74.2,17.7,17.4,-2.9,nan,nan,-52.6,-5353.9
367,148,3646,148.1,3647.2,545.7,3646.5,72.0,17.6,17.4,-2.8,nan,nan,-52.6,-5343.7
368,148,3661,148.2,3664.7,549.4,3664.0,69.9,17.6,17.3,-2.8,nan,nan,-52.5,-5333.3
369,148,3676,148.3,3682.2,553.0,3681.6,67.7,17.7,17.4,-2.8,nan,nan,-52.4,-5322.9
370,148,3692,148.3,3699.8,556.7,3699.2,65.6,17.7,17.5,-2.7,nan,nan,-52.3,-5312.4
371,148,3711,148.4,3717.5,560.5,3716.9,63.4,17.8,17.6,-2.7,nan,nan,-52.3,-5301.7
372,149,3731,148.5,3735.3,564.2,3734.8,60.8,17.9,17.7,-2.7,nan,nan,-52.2,-5290.8
373,149,3750,148.5,3753.4,567.9,3752.9,57.5,18.1,17.9,-2.7,nan,nan,-52.1,-5279.7
374,149,3768,148.6,3771.5,571.7,3771.1,54.3,18.2,18.0,-2.7,nan,nan,-52.0,-5268.4
375,149,3786,148.6,3789.7,575.5,3789.3,51.1,18.3,18.1,-2.7,nan,nan,-51.9,-5257.0
376,149,3802,148.6,3808.0,579.3,3807.7,47.8,18.4,18.2,-2.6,nan,nan,-51.9,-5245.5
377,149,3821,148.7,3826.5,583.1,3826.3,44.6,18.5,18.3,-2.5,nan,nan,-51.8,-5233.7
378,149,3844,148.7,3845.1,587.0,3844.9,41.4,18.6,18.4,-2.4,nan,nan,-51.7,-5221.9
379,149,3867,148.7,3863.7,590.8,3863.5,38.2,18.7,18.5,-2.4,nan,nan,-51.6,-5209.9
380,149,3889,148.8,3882.4,594.7,3882.2,34.9,18.7,18.6,-2.3,nan,nan,-51.5,-5197.8
381,149,3898,148.8,3901.1,598.6,3901.0,32.3,18.8,18.7,-2.2,nan,nan,-51.4,-5185.6
382,149,3916,148.8,3920.0,602.5,3919.8,30.1,18.9,18.8,-2.2,nan,nan,-51.4,-5173.3
383,149,3933,148.9,3929.9,606.5,3929.8,28.0,19.0,18.9,-2.2,nan,nan,-51.3,-5166.6
384,149,3950,148.9,3949.0,610.4,3949.0,25.8,19.1,19.0,-2.1,nan,nan,-51.2,-5154.0
385,149,3970,148.9,3968.4,614.4,3968.3,23.7,19.3,19.1,-2.1,nan,nan,-51.1,-5141.1
386,149,3989,149.0,3987.8,618.4,3987.7,21.5,19.4,19.3,-2.0,nan,nan,-51.0,-5128.0
387,149,4009,149.0,4007.4,622.4,4007.4,19.4,19.5,19.4,-2.0,nan,nan,-50.9,-5114.7
388,149,4031,149.0,4027.0,626.4,4026.9,17.2,19.6,19.5,-1.9,nan,nan,-50.9,-5101.4
389,149,4050,149.0,4049.0,630.5,4049.0,15.1,19.7,19.6,-1.8,nan,nan,-50.8,-5086.2
390,149,4070,149.0,4068.9,634.5,4068.9,13.4,19.8,19.7,-1.7,nan,nan,-50.7,-5072.5
391,149,4091,149.0,4088.9,638.6,4088.9,12.4,19.9,19.9,-1.6,nan,nan,-50.6,-5058.6
392,149,4111,149.0,4109.0,642.7,4109.0,11.3,20.0,20.0,-1.5,nan,nan,-50.5,-5044.5
393,149,4131,149.0,4129.2,646.9,4129.2,10.2,20.1,20.1,-1.4,nan,nan,-50.4,-5030.3
394,149,4152,149.0,4149.3,651.0,4149.3,9.1,20.3,20.2,-1.3,nan,nan,-50.3,-5015.9
395,149,4171,149.0,4169.4,655.2,4169.4,8.1,20.4,20.3,-1.2,nan,nan,-50.2,-5001.5
396,149,4192,149.0,4189.6,659.4,4189.6,7.0,20.5,20.5,-1.1,nan,nan,-50.1,-4986.9
397,149,4210,149.0,4210.3,663.6,4210.3,5.9,20.6,20.6,-1.0,nan,nan,-50.0,-4971.8
398,149,3954,149.0,4231.2,667.8,4231.2,4.8,21.1,21.0,-1.0,nan,nan,-49.9,-4956.4
399,149,4254,149.0,4252.1,672.1,4252.1,3.8,21.5,21.5,-1.0,nan,nan,-49.8,-4940.9
400,149,4275,149.0,4273.3,676.3,4273.3,2.7,21.6,21.6,-0.9,nan,nan,-49.7,-4925.1
401,149,4294,149.0,4294.5,680.6,4294.5,1.6,21.7,21.7,-0.9,nan,nan,-49.6,-4909.1
402,149,4319,149.0,4316.0,684.9,4316.0,0.5,21.9,21.9,-0.9,nan,nan,-49.5,-4892.8
403,149,4338,149.0,4337.6,689.3,4337.6,0.0,22.0,22.0,-0.8,nan,nan,-49.4,-4876.3
404,149,4434,149.0,4359.2,693.6,4359.2,0.0,22.1,22.1,-0.8,nan,nan,-49.3,-4859.7
405,149,4384,149.0,4381.0,698.0,4381.0,0.0,22.1,22.1,-0.8,nan,nan,-49.1,-4842.7
406,149,4405,149.0,4403.0,702.4,4403.0,0.0,22.3,22.3,-0.8,nan,nan,-49.0,-4825.5
407,149,4425,149.0,4425.1,706.9,4425.1,0.0,22.4,22.4,-0.8,nan,nan,-48.9,-4808.1
408,149,4447,149.0,4447.3,711.3,4447.3,0.0,22.6,22.6,-0.8,nan,nan,-48.8,-4790.4
409,149,4469,149.0,4469.7,715.8,4469.7,0.0,22.7,22.7,-0.8,nan,nan,-48.7,-4772.5
410,149,4489,149.0,4492.2,720.3,4492.2,0.0,22.9,22.9,-0.8,nan,nan,-48.6,-4754.2
411,149,4516,149.0,4514.9,724.8,4514.9,0.0,23.1,23.1,-0.8,nan,nan,-48.5,-4735.7
412,149,4540,149.0,4537.7,729.3,4537.7,-0.5,23.2,23.2,-0.8,nan,nan,-48.3,-4716.8
413,149,4563,149.0,4560.9,733.9,4560.9,-1.6,23.4,23.4,-0.8,nan,nan,-48.2,-4697.5
414,149,4582,149.0,4593.0,738.5,4593.0,-2.7,23.6,23.6,-0.8,nan,nan,-48.1,-4670.3
415,149,4606,149.0,4616.2,743.1,4616.2,-3.8,23.7,23.7,-0.8,nan,nan,-47.9,-4650.5
416,149,4627,149.0,4639.6,747.7,4639.6,-4.8,23.9,23.9,-0.8,nan,nan,-47.8,-4630.3
417,149,4656,149.0,4663.3,752.4,4663.3,-5.9,24.1,24.1,-0.8,nan,nan,-47.7,-4609.6
418,149,4679,149.0,4687.1,757.1,4687.0,-7.0,24.3,24.3,-0.8,nan,nan,-47.6,-4588.7
419,149,4702,149.0,4711.1,761.8,4711.1,-8.1,24.5,24.4,-0.8,nan,nan,-47.4,-4567.3
420,149,4728,149.0,4732.9,766.5,4732.9,-9.1,24.6,24.6,-0.8,nan,nan,-47.3,-4547.8
421,149,4752,149.0,4757.2,771.3,4757.2,-10.2,24.8,24.8,-0.9,nan,nan,-47.2,-4525.9
422,149,4776,149.0,4781.6,776.1,4781.6,-11.3,25.0,25.0,-0.9,nan,nan,-47.1,-4503.5
423,149,4799,149.0,4806.3,780.9,4806.3,-12.4,25.2,25.2,-0.9,nan,nan,-46.9,-4480.7
424,149,4824,149.0,4831.3,785.7,4831.3,-13.4,25.4,25.4,-1.0,nan,nan,-46.8,-4457.5
425,149,4851,149.0,4856.5,790.5,4856.5,-14.5,25.6,25.6,-1.0,nan,nan,-46.6,-4433.8
426,149,4876,149.0,4881.9,795.4,4881.9,-15.6,25.8,25.8,-1.0,nan,nan,-46.5,-4409.7
427,149,4898,149.0,4907.3,800.3,4907.3,-16.7,26.0,26.0,-1.0,nan,nan,-46.4,-4385.3
428,149,4927,148.9,4933.0,805.3,4932.9,-17.7,26.3,26.2,-1.0,nan,nan,-46.2,-4360.4
429,149,4949,148.9,4958.9,810.2,4958.9,-18.8,26.3,26.3,-0.9,nan,nan,-46.1,-4335.0
430,149,4974,148.9,4985.3,815.2,4985.2,-19.9,26.4,26.4,-0.8,nan,nan,-45.9,-4309.0
431,149,5001,148.8,5011.7,820.2,5011.7,-21.0,26.6,26.6,-0.8,nan,nan,-45.8,-4282.5
432,149,5028,148.8,5038.6,825.3,5038.5,-22.0,26.9,26.8,-0.7,nan,nan,-45.6,-4255.4
433,149,5057,148.8,5065.3,830.3,5065.3,-23.1,27.1,27.1,-0.6,nan,nan,-45.5,-4228.1
434,149,5084,148.7,5092.6,835.4,5092.5,-24.2,27.3,27.3,-0.6,nan,nan,-45.3,-4199.9
435,149,5111,148.7,5120.0,840.5,5119.9,-25.3,27.6,27.6,-0.5,nan,nan,-45.2,-4171.3
436,149,5134,148.7,5147.5,845.7,5147.5,-26.3,27.9,27.9,-0.4,nan,nan,-45.0,-4142.2
437,149,5163,148.6,5175.3,850.9,5175.2,-27.4,28.1,28.1,-0.3,nan,nan,-44.8,-4112.6
438,149,5191,148.6,5203.3,856.1,5203.2,-28.5,28.4,28.4,-0.3,nan,nan,-44.7,-4082.4
439,149,5221,148.6,5231.6,861.3,5231.6,-29.6,28.6,28.6,-0.2,nan,nan,-44.5,-4051.4
440,149,5250,148.5,5260.3,866.6,5260.3,-30.6,28.8,28.8,-0.1,nan,nan,-44.3,-4019.7
441,149,5276,148.5,5289.2,871.9,5289.1,-31.7,29.1,29.1,-0.1,nan,nan,-44.2,-3987.4
442,148,5304,148.5,5318.2,877.2,5318.1,-32.3,29.3,29.3,0.0,nan,nan,-44.0,-3954.8
443,148,5336,148.5,5347.7,882.5,5347.6,-31.7,29.6,29.6,0.1,nan,nan,-43.8,-3921.3
444,148,5368,148.4,5377.4,887.9,5377.3,-30.6,29.8,29.8,0.1,nan,nan,-43.6,-3887.3
445,148,5398,148.4,5407.5,893.3,5407.4,-29.6,30.0,30.0,0.2,nan,nan,-43.5,-3852.6
446,148,5427,148.4,5437.8,898.7,5437.7,-28.5,30.3,30.3,0.3,nan,nan,-43.3,-3817.0
447,148,5459,148.3,5468.3,904.2,5468.3,-27.4,30.5,30.5,0.3,nan,nan,-43.1,-3780.8
448,148,5484,148.3,5499.0,909.7,5499.0,-26.3,30.7,30.7,0.4,nan,nan,-42.9,-3744.0
449,148,5524,148.3,5529.9,915.2,5529.9,-25.3,30.9,30.9,0.5,nan,nan,-42.7,-3706.5
450,148,5551,148.2,5561.3,920.8,5561.2,-24.2,31.1,31.1,0.6,nan,nan,-42.5,-3668.0
451,148,5582,148.2,5592.9,926.4,5592.9,-23.1,31.3,31.3,0.6,nan,nan,-42.3,-3628.6
452,148,5611,148.2,5624.9,932.0,5624.8,-22.0,31.6,31.5,0.7,nan,nan,-42.1,-3588.3
453,148,5645,148.1,5657.0,937.7,5657.0,-21.0,31.8,31.7,0.8,nan,nan,-41.9,-3547.4
454,148,5678,148.1,5689.1,943.4,5689.1,-19.9,31.9,31.9,0.8,nan,nan,-41.7,-3505.9
455,148,5714,148.1,5721.4,949.1,5721.4,-18.8,32.1,32.0,0.9,nan,nan,-41.5,-3463.7
456,148,5746,148.0,5753.9,954.8,5753.9,-17.7,32.2,32.2,1.0,nan,nan,-41.3,-3420.6
457,148,5774,148.0,5786.9,960.6,5786.8,-16.7,32.3,32.3,1.0,nan,nan,-41.1,-3376.5
458,148,5813,148.0,5820.0,966.4,5820.0,-15.6,32.5,32.5,1.0,nan,nan,-40.9,-3331.5
459,148,5848,148.0,5853.3,972.3,5853.3,-14.5,32.6,32.6,1.0,nan,nan,-40.6,-3285.7
460,148,5880,148.0,5886.5,978.2,5886.5,-13.4,32.7,32.7,1.0,nan,nan,-40.4,-3239.5
461,148,5914,148.0,5919.8,984.1,5919.7,-12.4,32.8,32.8,0.9,nan,nan,-40.2,-3192.7
462,148,5947,148.0,5953.1,990.1,5953.1,-11.3,32.9,32.9,0.9,nan,nan,-40.0,-3145.1
463,148,5980,148.0,5986.5,996.0,5986.5,-10.2,33.0,33.0,0.9,nan,nan,-39.8,-3096.9
464,148,6015,148.0,6020.3,1002.1,6020.3,-9.1,33.1,33.1,0.8,nan,nan,-39.5,-3047.6
465,148,6056,148.0,6054.1,1008.1,6054.0,-8.1,33.2,33.2,0.8,nan,nan,-39.3,-2997.7
466,148,6092,148.0,6088.0,1014.2,6088.0,-7.0,33.3,33.3,0.8,nan,nan,-39.1,-2946.9
467,148,6124,148.0,6122.0,1020.3,6122.0,-5.9,33.3,33.3,0.7,nan,nan,-38.9,-2895.4
468,148,6159,148.0,6156.3,1026.5,6156.3,-4.8,33.4,33.4,0.7,nan,nan,-38.6,-2843.1
469,148,6188,148.0,6190.3,1032.7,6190.2,-3.8,33.4,33.4,0.7,nan,nan,-38.4,-2790.5
470,148,6222,148.0,6223.2,1038.9,6223.2,-2.7,33.5,33.5,0.6,nan,nan,-38.2,-2739.0
471,148,6258,148.0,6255.1,1045.2,6255.1,-1.6,33.5,33.5,0.6,nan,nan,-37.9,-2688.9
472,148,6296,148.0,6288.8,1051.4,6288.8,-0.5,33.5,33.5,0.5,nan,nan,-37.7,-2635.3
473,148,6331,148.0,6322.4,1057.8,6322.4,-0.0,33.6,33.6,0.5,nan,nan,-37.5,-2581.0
474,148,6369,148.0,6356.1,1064.1,6356.1,-0.0,33.6,33.6,0.4,nan,nan,-37.2,-2525.9
475,148,6398,148.0,6389.7,1070.5,6389.7,-0.0,33.6,33.6,0.4,nan,nan,-37.0,-2470.4
476,148,6428,148.0,6423.4,1076.9,6423.4,-0.0,33.6,33.6,0.3,nan,nan,-36.7,-2414.4
477,148,6460,148.0,6457.1,1083.4,6457.1,-0.0,33.6,33.6,0.3,nan,nan,-36.5,-2358.0
478,148,6496,148.0,6490.7,1089.9,6490.7,-0.0,33.6,33.6,0.2,nan,nan,-36.3,-2301.2
479,148,6530,148.0,6524.4,1096.4,6524.4,-0.0,33.7,33.7,0.2,nan,nan,-36.0,-2244.0
480,148,6571,148.0,6558.1,1103.0,6558.1,-0.0,33.7,33.7,0.1,nan,nan,-35.8,-2186.5
481,148,6604,148.0,6591.7,1109.6,6591.7,-0.0,33.7,33.7,0.1,nan,nan,-35.5,-2128.7
482,148,6636,148.0,6625.4,1116.2,6625.4,-0.0,33.7,33.7,0.0,nan,nan,-35.3,-2070.7
483,148,6672,148.0,6659.1,1122.8,6659.1,-0.0,33.7,33.7,-0.0,nan,nan,-35.0,-2012.5
484,148,6698,148.0,6692.7,1129.5,6692.7,-0.0,33.7,33.7,-0.1,nan,nan,-34.8,-1954.3
485,148,6701,148.0,6726.4,1136.3,6726.4,-0.0,33.8,33.8,-0.1,nan,nan,-34.5,-1896.0
486,148,6701,148.0,6760.1,1143.0,6760.1,-0.0,33.8,33.8,-0.2,nan,nan,-34.3,-1837.7
